{
  "feature": "fokastudio:basalt_deltas/addition_5",
  "placement": [
    {
			"type": "minecraft:biome"
		},
    {
      "type": "minecraft:noise_based_count",
      "noise_to_count_ratio": 90,
      "noise_factor": 100,
      "noise_offset": 1
    },
    {
      "type": "minecraft:in_square"
    },
    {
      "type": "minecraft:height_range",
      "height": {
        "type": "minecraft:uniform",
        "min_inclusive": {
          "absolute": 0
        },
        "max_inclusive": {
          "below_top": 0
        }
      }
    }
  ]
}
