{
  "type": "minecraft:random_patch",
  "config": {
    "tries": 360,
    "xz_spread": 7,
    "y_spread": 7,
    "feature": {
      "feature": {
        "type": "minecraft:simple_block",
        "config": {
          "to_place": {
            "type": "minecraft:weighted_state_provider",
            "entries": [
              {
                "weight": 200,
                "data": {
                  "Name": "minecraft:air"
                }
              },
              {
                "weight": 10,
                "data": {
                  "Name": "minecraft:crying_obsidian"
                }
              },
              {
                "weight": 60,
                "data": {
                  "Name": "minecraft:obsidian"
                }
              },
              {
                "weight": 40,
                "data": {
                  "Name": "minecraft:shroomlight"
                }
              }
            ]
          }
        }
      },
      "placement": [
        {
          "type": "minecraft:block_predicate_filter",
          "predicate": {
            "type": "minecraft:all_of",
            "predicates": [
              {
                "type": "minecraft:matching_blocks",
                "offset": [
                  0,
                  -1,
                  0
                ],
                "blocks": [
                  "minecraft:soul_soil",
                  "minecraft:soul_sand"
                ]
              },
							{
								"type": "minecraft:not",
								"predicate": {
									"type": "minecraft:matching_blocks",
									"blocks": [
										"minecraft:lava"
									]
								}
							},
							{
								"type": "minecraft:not",
								"predicate": {
									"type": "minecraft:matching_blocks",
									"offset": [
										0,
										1,
										0
									],
									"blocks": [
										"minecraft:lava"
									]
								}
							}
            ]
          }
        }
      ]
    }
  }
}
