{
  "feature": "fokastudio:nether_geode",
  "placement": [
    {
      "type": "minecraft:biome"
    },
    {
      "type": "minecraft:count_on_every_layer",
      "count": {
        "type": "minecraft:uniform",
        "value": {
          "min_inclusive": 0,
          "max_inclusive": 1
        }
      }
    },
    {
      "type": "minecraft:height_range",
      "height": {
        "type": "minecraft:uniform",
        "min_inclusive": {
          "above_bottom": 12
        },
        "max_inclusive": {
          "below_top": 12
        }
      }
    }
  ]
}
