{
	"feature": "fokastudio:soul_sand_valley/columns",
	"placement": [
		{
			"type": "minecraft:noise_based_count",
			"noise_to_count_ratio": 5,
			"noise_factor": 10,
			"noise_offset": 1
		},
		{
			"type": "minecraft:biome"
		},
		{
			"type": "minecraft:in_square"
		},
		{
			"type": "minecraft:height_range",
			"height": {
				"type": "minecraft:uniform",
				"min_inclusive": {
					"absolute": 36
				},
				"max_inclusive": {
					"below_top": 0
				}
			}
		},
		{
			"type": "minecraft:block_predicate_filter",
			"predicate": {
				"type": "minecraft:not",
				"predicate": {
					"type": "minecraft:matching_blocks",
					"blocks": [
						"minecraft:lava"
					]
				}
			}
		}
	]
}
