{
  "feature": "fokastudio:soul_sand_valley/vegetation",
  "placement": [
    {
      "type": "minecraft:biome"
    },
    {
      "type": "minecraft:noise_based_count",
      "noise_to_count_ratio": 200,
      "noise_factor": 200,
      "noise_offset": 2
    },
    {
      "type": "minecraft:in_square"
    },
    {
      "type": "minecraft:height_range",
      "height": {
        "type": "minecraft:uniform",
        "min_inclusive": {
          "absolute": 0
        },
        "max_inclusive": {
          "below_top": 0
        }
      }
    },
		{
			"type": "minecraft:block_predicate_filter",
			"predicate": {
				"type": "minecraft:not",
				"predicate": {
					"type": "minecraft:matching_blocks",
					"blocks": [
						"minecraft:lava"
					]
				}
			}
		}
  ]
}
