{
	"feature": "fokastudio:nether_wastes/dead_tree",
	"placement": [
		{
			"type": "minecraft:biome"
		},
		{
			"type": "minecraft:count_on_every_layer",
			"count": 1
		},
		{
			"type": "minecraft:block_predicate_filter",
			"predicate": {
				"type": "minecraft:all_of",
				"predicates": [
					{
						"type": "minecraft:matching_blocks",
						"blocks": [
							"minecraft:air"
						]
					},
					{
						"type": "minecraft:matching_blocks",
						"offset": [
							0,
							-1,
							0
						],
						"blocks": [
							"minecraft:soul_sand"
						]
					}
				]
			}
		}
	]
}
