{
  "feature": "fokastudio:nether_wastes/decoration",
  "placement": [
    {
      "type": "minecraft:biome"
    },
    {
      "type": "minecraft:noise_based_count",
      "noise_to_count_ratio": 450,
      "noise_factor": 4,
      "noise_offset": 0.4
    },
    {
      "type": "minecraft:in_square"
    },
    {
      "type": "minecraft:height_range",
      "height": {
        "type": "minecraft:uniform",
        "min_inclusive": {
          "above_bottom": 0
        },
        "max_inclusive": {
          "below_top": 0
        }
      }
    }
  ]
}
