{
  "type": "minecraft:random_patch",
  "config": {
    "tries": 150,
    "xz_spread": 11,
    "y_spread": 11,
    "feature": {
      "feature": {
        "type": "minecraft:block_column",
        "config": {
          "direction": "up",
          "allowed_placement": {
            "type": "minecraft:matching_blocks",
            "blocks": [
              "minecraft:air"
            ]
          },
          "prioritize_tip": false,
          "layers": [
            {
              "height": {
                "type": "minecraft:uniform",
                "value": {
                  "min_inclusive": 2,
                  "max_inclusive": 5
                }
              },
              "provider": {
                "type": "minecraft:weighted_state_provider",
                "entries": [
                  {
                    "weight": 1,
                    "data": {
                      "Name": "minecraft:spruce_log",
                      "Properties": {
                        "axis": "y"
                      }
                    }
                  },
                  {
                    "weight": 2,
                    "data": {
                      "Name": "minecraft:dark_oak_log",
                      "Properties": {
                        "axis": "y"
                      }
                    }
                  }
                ]
              }
            }
          ]
        }
      },
      "placement": [
        {
          "type": "minecraft:block_predicate_filter",
          "predicate": {
            "type": "minecraft:all_of",
            "predicates": [
              {
                "type": "minecraft:matching_blocks",
                "blocks": [
                  "minecraft:air"
                ]
              },
              {
                "type": "minecraft:matching_blocks",
                "offset": [
                  0,
                  -1,
                  0
                ],
                "blocks": [
                  "minecraft:soul_sand"
                ]
              }
            ]
          }
        }
      ]
    }
  }
}
