{
  "type": "minecraft:vegetation_patch",
  "config": {
    "surface": "floor",
    "depth": 4,
    "vertical_range": 12,
    "extra_bottom_block_chance": 0.6,
    "extra_edge_column_chance": 0.5,
    "vegetation_chance": 0,
    "xz_radius": 8,
    "replaceable": "fokastudio:nether_beaches_replacable",
    "ground_state": {
      "type": "minecraft:simple_state_provider",
      "state": {
        "Name": "minecraft:soul_sand"
      }
    },
    "vegetation_feature": {
      "feature": {
        "type": "minecraft:no_op",
        "config": {}
      },
      "placement": []
    }
  }
}
