{
	"sea_level": 32,
	"disable_mob_generation": false,
	"noise_caves_enabled": true,
	"noodle_caves_enabled": true,
	"aquifers_enabled": false,
	"ore_veins_enabled": false,
	"legacy_random_source": false,
	"default_block": {
		"Name": "minecraft:netherrack"
	},
	"default_fluid": {
		"Name": "minecraft:lava",
		"Properties": {
			"level": "0"
		}
	},
	"noise": {
		"min_y": 0,
		"height": 256,
		"size_horizontal": 2,
		"size_vertical": 2,
		"sampling": {
			"xz_scale": 1.25,
			"y_scale": 2.25,
			"xz_factor": 80,
			"y_factor": 60
		},
		"bottom_slide": {
			"target": 2.5,
			"size": 4,
			"offset": -1
		},
		"top_slide": {
			"target": 0.9375,
			"size": 6,
			"offset": 0
		},
		"terrain_shaper": {
			"offset": 0,
			"factor": 0,
			"jaggedness": 0
		}
	},
	"surface_rule": {
		"type": "minecraft:sequence",
		"sequence": [
			{
				"type": "minecraft:condition",
				"if_true": {
					"type": "minecraft:vertical_gradient",
					"random_name": "minecraft:bedrock_floor",
					"true_at_and_below": {
						"above_bottom": 0
					},
					"false_at_and_above": {
						"above_bottom": 5
					}
				},
				"then_run": {
					"type": "minecraft:block",
					"result_state": {
						"Name": "minecraft:bedrock"
					}
				}
			},
			{
				"type": "minecraft:condition",
				"if_true": {
					"type": "minecraft:not",
					"invert": {
						"type": "minecraft:vertical_gradient",
						"random_name": "minecraft:bedrock_roof",
						"true_at_and_below": {
							"below_top": 5
						},
						"false_at_and_above": {
							"below_top": 0
						}
					}
				},
				"then_run": {
					"type": "minecraft:block",
					"result_state": {
						"Name": "minecraft:bedrock"
					}
				}
			},
			{
				"type": "minecraft:condition",
				"if_true": {
					"type": "minecraft:y_above",
					"anchor": {
						"below_top": 5
					},
					"surface_depth_multiplier": 0,
					"add_stone_depth": false
				},
				"then_run": {
					"type": "minecraft:block",
					"result_state": {
						"Name": "minecraft:netherrack"
					}
				}
			},
			{
				"type": "minecraft:condition",
				"if_true": {
					"type": "minecraft:biome",
					"biome_is": [
						"minecraft:basalt_deltas"
					]
				},
				"then_run": {
					"type": "minecraft:sequence",
					"sequence": [
						{
							"type": "minecraft:condition",
							"if_true": {
								"type": "minecraft:stone_depth",
								"offset": 0,
								"surface_type": "ceiling",
								"add_surface_depth": true,
								"add_surface_secondary_depth": false
							},
							"then_run": {
								"type": "minecraft:block",
								"result_state": {
									"Name": "minecraft:basalt",
									"Properties": {
										"axis": "y"
									}
								}
							}
						},
						{
							"type": "minecraft:condition",
							"if_true": {
								"type": "minecraft:stone_depth",
								"offset": 0,
								"surface_type": "floor",
								"add_surface_depth": true,
								"add_surface_secondary_depth": true
							},
							"then_run": {
								"type": "minecraft:sequence",
								"sequence": [
									{
										"type": "minecraft:condition",
										"if_true": {
											"type": "minecraft:noise_threshold",
											"noise": "minecraft:patch",
											"min_threshold": -0.012,
											"max_threshold": 1.7976931348623157e+308
										},
										"then_run": {
											"type": "minecraft:condition",
											"if_true": {
												"type": "minecraft:y_above",
												"anchor": {
													"absolute": 30
												},
												"surface_depth_multiplier": 0,
												"add_stone_depth": true
											},
											"then_run": {
												"type": "minecraft:condition",
												"if_true": {
													"type": "minecraft:not",
													"invert": {
														"type": "minecraft:y_above",
														"anchor": {
															"absolute": 35
														},
														"surface_depth_multiplier": 0,
														"add_stone_depth": true
													}
												},
												"then_run": {
													"type": "minecraft:block",
													"result_state": {
														"Name": "minecraft:gravel"
													}
												}
											}
										}
									},
									{
										"type": "minecraft:condition",
										"if_true": {
											"type": "minecraft:noise_threshold",
											"noise": "minecraft:nether_state_selector",
											"min_threshold": 0,
											"max_threshold": 1.7976931348623157e+308
										},
										"then_run": {
											"type": "minecraft:block",
											"result_state": {
												"Name": "minecraft:basalt",
												"Properties": {
													"axis": "y"
												}
											}
										}
									},
									{
										"type": "minecraft:block",
										"result_state": {
											"Name": "minecraft:blackstone"
										}
									}
								]
							}
						}
					]
				}
			},
			{
				"type": "minecraft:condition",
				"if_true": {
					"type": "minecraft:biome",
					"biome_is": [
						"minecraft:soul_sand_valley"
					]
				},
				"then_run": {
					"type": "minecraft:sequence",
					"sequence": [
						{
							"type": "minecraft:condition",
							"if_true": {
								"type": "minecraft:stone_depth",
								"offset": 0,
								"surface_type": "ceiling",
								"add_surface_depth": true,
								"add_surface_secondary_depth": false
							},
							"then_run": {
								"type": "minecraft:sequence",
								"sequence": [
									{
										"type": "minecraft:condition",
										"if_true": {
											"type": "minecraft:noise_threshold",
											"noise": "fokastudio:soul_sand_valley/nether_wart",
											"min_threshold": 0.05,
											"max_threshold": 0.15
										},
										"then_run": {
											"type": "minecraft:block",
											"result_state": {
												"Name": "minecraft:nether_wart_block"
											}
										}
									},
									{
										"type": "minecraft:condition",
										"if_true": {
											"type": "minecraft:noise_threshold",
											"noise": "fokastudio:soul_sand_valley/warped_wart",
											"min_threshold": 0.05,
											"max_threshold": 0.15
										},
										"then_run": {
											"type": "minecraft:block",
											"result_state": {
												"Name": "minecraft:warped_wart_block"
											}
										}
									},
									{
										"type": "minecraft:condition",
										"if_true": {
											"type": "minecraft:noise_threshold",
											"noise": "minecraft:nether_state_selector",
											"min_threshold": 0,
											"max_threshold": 1.7976931348623157e+308
										},
										"then_run": {
											"type": "minecraft:block",
											"result_state": {
												"Name": "minecraft:soul_sand"
											}
										}
									},
									{
										"type": "minecraft:block",
										"result_state": {
											"Name": "minecraft:soul_soil"
										}
									}
								]
							}
						},
						{
							"type": "minecraft:condition",
							"if_true": {
								"type": "minecraft:stone_depth",
								"offset": 0,
								"surface_type": "floor",
								"add_surface_depth": true,
								"add_surface_secondary_depth": false
							},
							"then_run": {
								"type": "minecraft:sequence",
								"sequence": [
									{
										"type": "minecraft:condition",
										"if_true": {
											"type": "minecraft:noise_threshold",
											"noise": "minecraft:patch",
											"min_threshold": -0.012,
											"max_threshold": 1.7976931348623157e+308
										},
										"then_run": {
											"type": "minecraft:condition",
											"if_true": {
												"type": "minecraft:y_above",
												"anchor": {
													"absolute": 30
												},
												"surface_depth_multiplier": 0,
												"add_stone_depth": true
											},
											"then_run": {
												"type": "minecraft:condition",
												"if_true": {
													"type": "minecraft:not",
													"invert": {
														"type": "minecraft:y_above",
														"anchor": {
															"absolute": 35
														},
														"surface_depth_multiplier": 0,
														"add_stone_depth": true
													}
												},
												"then_run": {
													"type": "minecraft:block",
													"result_state": {
														"Name": "minecraft:gravel"
													}
												}
											}
										}
									},
									{
										"type": "minecraft:condition",
										"if_true": {
											"type": "minecraft:noise_threshold",
											"noise": "minecraft:nether_state_selector",
											"min_threshold": 0,
											"max_threshold": 1.7976931348623157e+308
										},
										"then_run": {
											"type": "minecraft:block",
											"result_state": {
												"Name": "minecraft:soul_sand"
											}
										}
									},
									{
										"type": "minecraft:block",
										"result_state": {
											"Name": "minecraft:soul_soil"
										}
									}
								]
							}
						}
					]
				}
			},
			{
				"type": "minecraft:condition",
				"if_true": {
					"type": "minecraft:stone_depth",
					"offset": 0,
					"surface_type": "floor",
					"add_surface_depth": false,
					"add_surface_secondary_depth": false
				},
				"then_run": {
					"type": "minecraft:sequence",
					"sequence": [
						{
							"type": "minecraft:condition",
							"if_true": {
								"type": "minecraft:not",
								"invert": {
									"type": "minecraft:y_above",
									"anchor": {
										"absolute": 32
									},
									"surface_depth_multiplier": 0,
									"add_stone_depth": false
								}
							},
							"then_run": {
								"type": "minecraft:condition",
								"if_true": {
									"type": "minecraft:hole"
								},
								"then_run": {
									"type": "minecraft:block",
									"result_state": {
										"Name": "minecraft:lava",
										"Properties": {
											"level": "0"
										}
									}
								}
							}
						},
						{
							"type": "minecraft:condition",
							"if_true": {
								"type": "minecraft:biome",
								"biome_is": [
									"minecraft:warped_forest"
								]
							},
							"then_run": {
								"type": "minecraft:condition",
								"if_true": {
									"type": "minecraft:not",
									"invert": {
										"type": "minecraft:noise_threshold",
										"noise": "minecraft:netherrack",
										"min_threshold": 0.54,
										"max_threshold": 1.7976931348623157e+308
									}
								},
								"then_run": {
									"type": "minecraft:condition",
									"if_true": {
										"type": "minecraft:y_above",
										"anchor": {
											"absolute": 31
										},
										"surface_depth_multiplier": 0,
										"add_stone_depth": false
									},
									"then_run": {
										"type": "minecraft:sequence",
										"sequence": [
											{
												"type": "minecraft:condition",
												"if_true": {
													"type": "minecraft:noise_threshold",
													"noise": "minecraft:nether_wart",
													"min_threshold": 1.17,
													"max_threshold": 1.7976931348623157e+308
												},
												"then_run": {
													"type": "minecraft:block",
													"result_state": {
														"Name": "minecraft:warped_wart_block"
													}
												}
											},
											{
												"type": "minecraft:block",
												"result_state": {
													"Name": "minecraft:warped_nylium"
												}
											}
										]
									}
								}
							}
						},
						{
							"type": "minecraft:condition",
							"if_true": {
								"type": "minecraft:biome",
								"biome_is": [
									"minecraft:crimson_forest"
								]
							},
							"then_run": {
								"type": "minecraft:condition",
								"if_true": {
									"type": "minecraft:not",
									"invert": {
										"type": "minecraft:noise_threshold",
										"noise": "minecraft:netherrack",
										"min_threshold": 0.54,
										"max_threshold": 1.7976931348623157e+308
									}
								},
								"then_run": {
									"type": "minecraft:condition",
									"if_true": {
										"type": "minecraft:y_above",
										"anchor": {
											"absolute": 31
										},
										"surface_depth_multiplier": 0,
										"add_stone_depth": false
									},
									"then_run": {
										"type": "minecraft:sequence",
										"sequence": [
											{
												"type": "minecraft:condition",
												"if_true": {
													"type": "minecraft:noise_threshold",
													"noise": "minecraft:nether_wart",
													"min_threshold": 1.17,
													"max_threshold": 1.7976931348623157e+308
												},
												"then_run": {
													"type": "minecraft:block",
													"result_state": {
														"Name": "minecraft:nether_wart_block"
													}
												}
											},
											{
												"type": "minecraft:block",
												"result_state": {
													"Name": "minecraft:crimson_nylium"
												}
											}
										]
									}
								}
							}
						}
					]
				}
			},
			{
				"type": "minecraft:condition",
				"if_true": {
					"type": "minecraft:biome",
					"biome_is": [
						"minecraft:nether_wastes"
					]
				},
				"then_run": {
					"type": "minecraft:sequence",
					"sequence": [
						{
							"type": "minecraft:condition",
							"if_true": {
								"type": "minecraft:stone_depth",
								"offset": 0,
								"surface_type": "floor",
								"add_surface_depth": true,
								"add_surface_secondary_depth": false
							},
							"then_run": {
								"type": "minecraft:condition",
								"if_true": {
									"type": "minecraft:noise_threshold",
									"noise": "minecraft:soul_sand_layer",
									"min_threshold": -0.012,
									"max_threshold": 1.7976931348623157e+308
								},
								"then_run": {
									"type": "minecraft:sequence",
									"sequence": [
										{
											"type": "minecraft:condition",
											"if_true": {
												"type": "minecraft:not",
												"invert": {
													"type": "minecraft:hole"
												}
											},
											"then_run": {
												"type": "minecraft:condition",
												"if_true": {
													"type": "minecraft:y_above",
													"anchor": {
														"absolute": 30
													},
													"surface_depth_multiplier": 0,
													"add_stone_depth": true
												},
												"then_run": {
													"type": "minecraft:condition",
													"if_true": {
														"type": "minecraft:not",
														"invert": {
															"type": "minecraft:y_above",
															"anchor": {
																"absolute": 35
															},
															"surface_depth_multiplier": 0,
															"add_stone_depth": true
														}
													},
													"then_run": {
														"type": "minecraft:block",
														"result_state": {
															"Name": "minecraft:soul_sand"
														}
													}
												}
											}
										},
										{
											"type": "minecraft:block",
											"result_state": {
												"Name": "minecraft:netherrack"
											}
										}
									]
								}
							}
						},
						{
							"type": "minecraft:condition",
							"if_true": {
								"type": "minecraft:stone_depth",
								"offset": 0,
								"surface_type": "floor",
								"add_surface_depth": false,
								"add_surface_secondary_depth": false
							},
							"then_run": {
								"type": "minecraft:condition",
								"if_true": {
									"type": "minecraft:y_above",
									"anchor": {
										"absolute": 31
									},
									"surface_depth_multiplier": 0,
									"add_stone_depth": false
								},
								"then_run": {
									"type": "minecraft:condition",
									"if_true": {
										"type": "minecraft:not",
										"invert": {
											"type": "minecraft:y_above",
											"anchor": {
												"absolute": 35
											},
											"surface_depth_multiplier": 0,
											"add_stone_depth": true
										}
									},
									"then_run": {
										"type": "minecraft:condition",
										"if_true": {
											"type": "minecraft:noise_threshold",
											"noise": "minecraft:gravel_layer",
											"min_threshold": -0.012,
											"max_threshold": 1.7976931348623157e+308
										},
										"then_run": {
											"type": "minecraft:sequence",
											"sequence": [
												{
													"type": "minecraft:condition",
													"if_true": {
														"type": "minecraft:y_above",
														"anchor": {
															"absolute": 32
														},
														"surface_depth_multiplier": 0,
														"add_stone_depth": false
													},
													"then_run": {
														"type": "minecraft:block",
														"result_state": {
															"Name": "minecraft:gravel"
														}
													}
												},
												{
													"type": "minecraft:condition",
													"if_true": {
														"type": "minecraft:not",
														"invert": {
															"type": "minecraft:hole"
														}
													},
													"then_run": {
														"type": "minecraft:block",
														"result_state": {
															"Name": "minecraft:gravel"
														}
													}
												}
											]
										}
									}
								}
							}
						}
					]
				}
			},
			{
				"type": "minecraft:block",
				"result_state": {
					"Name": "minecraft:netherrack"
				}
			}
		]
	},
	"structures": {
		"structures": {
			"minecraft:pillager_outpost": {
				"spacing": 32,
				"separation": 8,
				"salt": 165745296
			},
			"minecraft:village": {
				"spacing": 32,
				"separation": 8,
				"salt": 10387312
			},
			"minecraft:fortress": {
				"spacing": 27,
				"separation": 4,
				"salt": 30084232
			},
			"minecraft:desert_pyramid": {
				"spacing": 32,
				"separation": 8,
				"salt": 14357617
			},
			"minecraft:bastion_remnant": {
				"spacing": 27,
				"separation": 4,
				"salt": 30084232
			},
			"minecraft:stronghold": {
				"spacing": 1,
				"separation": 0,
				"salt": 0
			},
			"minecraft:monument": {
				"spacing": 32,
				"separation": 5,
				"salt": 10387313
			},
			"minecraft:swamp_hut": {
				"spacing": 32,
				"separation": 8,
				"salt": 14357620
			},
			"minecraft:endcity": {
				"spacing": 20,
				"separation": 11,
				"salt": 10387313
			},
			"minecraft:mineshaft": {
				"spacing": 1,
				"separation": 0,
				"salt": 0
			},
			"minecraft:igloo": {
				"spacing": 32,
				"separation": 8,
				"salt": 14357618
			},
			"minecraft:mansion": {
				"spacing": 80,
				"separation": 20,
				"salt": 10387319
			},
			"minecraft:buried_treasure": {
				"spacing": 1,
				"separation": 0,
				"salt": 0
			},
			"minecraft:ocean_ruin": {
				"spacing": 20,
				"separation": 8,
				"salt": 14357621
			},
			"minecraft:jungle_pyramid": {
				"spacing": 32,
				"separation": 8,
				"salt": 14357619
			},
			"minecraft:ruined_portal": {
				"spacing": 25,
				"separation": 10,
				"salt": 34222645
			},
			"minecraft:shipwreck": {
				"spacing": 24,
				"separation": 4,
				"salt": 165745295
			},
			"minecraft:nether_fossil": {
				"spacing": 2,
				"separation": 1,
				"salt": 14357921
			}
		}
	}
}
