{
  "pools": [
    {
      "rolls": 1,
      "entries": [
        {
			"type": "item",
			"name": "minecraft:jungle_log",
			"weight": 10
		},
        {
			"type": "item",
			"name": "minecraft:jungle_sapling",
			"weight": 1
		},
        {
			"type": "item",
			"name": "minecraft:jungle_leaves",
			"weight": 1
		},
		{
			"type": "item",
			"name": "minecraft:vine",
			"weight": 2
		},
		{
			"type": "item",
			"name": "minecraft:cocoa_beans",
			"weight": 2
		},
		{
			"type": "item",
			"name": "minecraft:stick",
			"weight": 1
		}
      ]
    }
  ]
}