{
  "type": "minecraft:random_patch",
  "config": {
    "tries": 150,
    "xz_spread": 11,
    "y_spread": 11,
    "feature": {
      "feature": {
        "type": "minecraft:simple_block",
        "config": {
          "to_place": {
            "type": "minecraft:simple_state_provider",
            "state": {
              "Name": "minecraft:cobbled_deepslate",
              "Properties": {}
            }
          }
        }
      },
      "placement": [
        {
          "type": "minecraft:block_predicate_filter",
          "predicate": {
            "type": "minecraft:all_of",
            "predicates": [
              {
                "type": "minecraft:matching_blocks",
                "offset": [
                  0,
                  -1,
                  0
                ],
                "blocks": [
                  "minecraft:cobbled_deepslate",
                  "minecraft:basalt"
                ]
              }
            ]
          }
        }
      ]
    }
  }
}
