{
    "criteria": {
        "lead": {
            "trigger": "minecraft:player_interacted_with_entity",
            "conditions": {
                "item": {
                    "item": "minecraft:potion",
                    "potion": "minecraft:invisibility"
                },
                "entity": {
                    "type": "minecraft:item_frame",
                    "nbt": "{Invisible:0b}"
                }
            }
        }
    },
    "rewards": {
        "function": "vb:invisibleitemframes/invisible_item_frames"
    },
    "parent": "vb:root"
}