{
	"type": "minecraft:geode",
	"config": {
		"blocks": {
			"filling_provider": {
				"type": "minecraft:simple_state_provider",
				"state": {
					"Name": "minecraft:air"
				}
			},
			"inner_layer_provider": {
				"type": "minecraft:simple_state_provider",
				"state": {
					"Name": "minecraft:blackstone"
				}
			},
			"alternate_inner_layer_provider": {
				"type": "minecraft:simple_state_provider",
				"state": {
					"Name": "minecraft:gilded_blackstone"
				}
			},
			"middle_layer_provider": {
				"type": "minecraft:weighted_state_provider",
				"entries": [
					{
						"weight": 1,
						"data": {
							"Name": "minecraft:netherrack"
						}
					},
					{
						"weight": 3,
						"data": {
							"Name": "minecraft:blackstone"
						}
					}
				]
			},
			"outer_layer_provider": {
				"type": "minecraft:simple_state_provider",
				"state": {
					"Name": "minecraft:netherrack"
				}
			},
			"inner_placements": [
				{
					"Name": "minecraft:air"
				}
			],
			"cannot_replace": "minecraft:features_cannot_replace",
			"invalid_blocks": "fokastudio:geode_invalid"
		},
		"layers": {
			"filling": 1.7,
			"inner_layer": 2.2,
			"middle_layer": 3.2,
			"outer_layer": 4.2
		},
		"crack": {
			"generate_crack_chance": 0.35,
			"base_crack_size": 1,
			"crack_point_offset": 2
		},
		"noise_multiplier": 0.05,
		"use_potential_placements_chance": 0.35,
		"use_alternate_layer0_chance": 0.083,
		"placements_require_layer0_alternate": true,
		"outer_wall_distance": {
			"type": "minecraft:uniform",
			"value": {
				"min_inclusive": 4,
				"max_inclusive": 6
			}
		},
		"distribution_points": {
			"type": "minecraft:uniform",
			"value": {
				"min_inclusive": 3,
				"max_inclusive": 4
			}
		},
		"point_offset": {
			"type": "minecraft:uniform",
			"value": {
				"min_inclusive": 1,
				"max_inclusive": 2
			}
		},
		"min_gen_offset": -16,
		"max_gen_offset": 16,
		"invalid_blocks_threshold": 1
	}
}
